LST_2017,LST_2023,NDSI_2017,NDSI_2023,class
-4.679946939999979,0.27276404000002685,0.8480364065396931,0.617714828503983,0
21.954973910000035,16.412654480000015,-0.5594136987985128,-0.4357810154657268,1
-0.18695964999994885,1.6570621399999936,0.8432398953813321,0.2025394735529689,0
-11.382684159999997,-9.618985839999993,1.0444687018127672,0.8980874080484638,2
-0.9235429599999634,-1.6652532999999607,0.5009347442144654,0.5556882449696943,0
21.54652052000006,21.71400349999999,-0.491434524413956,-0.5160840009711094,1
8.29485698000002,16.74762043999999,0.15347319001467796,-0.3559265617883045,3
11.712876980000033,13.281748160000006,-0.06673829641870704,-0.07718210942157638,3
17.843095850000054,13.842303440000023,-0.5409737909261627,-0.5637307650920046,1
13.862811560000011,17.97468962000005,0.2706143625677255,-0.12661145168467688,1
15.884570390000022,16.364802199999986,-0.17400573367144806,-0.20762845548798395,1
-12.00989082999996,-9.91977159999999,0.8403193964994321,0.860612138676958,2
-2.6616061299999956,3.256695500000035,0.8321814789138874,0.4321251812228166,0
-0.4416021399999863,6.254299039999978,0.5847059241453625,-0.6663978367095215,0
12.041006900000014,12.926274079999985,-0.30206312486265136,-0.2561812185946599,3
7.436933960000033,16.081106540000007,0.583562371814566,-0.19387581142220178,3
15.506879180000055,19.181250680000005,-1.3195276045752986,-5.457932097067074,1
-1.0824808899999994,-1.9284408400000075,0.8922689541591148,0.8688626927599485,0
4.5213628999999855,2.9388196400000197,0.47830722963099387,0.2157265363381302,0
0.8640814999999975,-0.4552742199999784,0.6942115941596858,0.5957475798491914,0
-5.746369179999988,-3.818605899999966,0.867942864418225,0.8553911308185966,2
3.3284739200000217,9.87056419999999,0.16657813089436524,-0.3096588539494536,3
-5.49685371999999,-0.3048813399999517,0.8586873309108041,0.7062621675503381,0
20.572384820000025,24.69109892000006,-0.4302719434003981,-0.31377788826051817,1
-1.4294099200000119,5.375867900000003,0.9108725142147948,-0.03927095077038672,0
23.457193700000005,25.846389680000016,-0.027139614487619614,-0.12665245202558623,1
-1.3952297199999748,-3.1486739800000123,0.6041618080107962,0.2942253714575505,0
2.0791876100000195,6.6405353000000105,0.9304323762571307,0.5717342397417713,0
8.204279450000058,16.245171500000026,0.73167166764624,0.36123855341122274,3
1.5288863900000251,2.6141077400000086,0.7388847151722273,0.14660512128150618,0
25.677197690000014,24.571468220000042,-0.2145812224178385,-0.17689230096176226,1
-0.19208667999998852,-2.0070552999999904,0.9421944776773552,0.9190774232221065,0
4.341916850000018,14.269555940000032,0.8333624631128337,-0.05439142461964033,3
11.84959778000001,13.989278300000024,-0.09492083357434698,-0.1014926925677432,3
10.068809360000046,12.83740555999998,-0.31441156944088294,-0.24149746192893404,3
19.85289161000003,24.345878900000002,-0.10985574498133767,-0.7172524242797558,1
-4.013433039999995,-1.0089934599999992,0.8836550396266716,0.8086045325878651,0
14.681427350000035,20.097280039999987,0.02495369812271927,-0.20007443901387892,1
4.234249220000038,14.17385138000003,0.8891922092250243,0.05583267699308653,3
-0.8107483000000002,10.957494559999986,0.8662104032870243,0.008374513793723807,0
-2.960682879999979,-1.3097792199999958,0.9443178842628961,0.8780522539950035,0
-6.54618585999998,-2.0856697599999734,1.0071095093783275,0.8170343773537994,2
-0.004095580000011978,1.5647756000000186,0.7255050839329734,0.2758079308575958,0
16.12895881999998,22.462549879999983,0.12061475125929003,-0.3219704696853523,1
-10.760604520000015,-4.5022098999999685,0.9174316087366665,0.5407594364499362,2
16.41094547,17.56794524000003,-0.565453308312061,-0.4200876170571923,1
19.91783399000002,22.014789260000043,-0.3113796425413612,-0.3399709603816637,1
1.3972926200000302,0.28985413999998855,0.7008509336416952,0.7212428887803903,0
6.476470339999992,0.7717949600000225,0.34437243222317954,0.3694282555494013,0
2.578218530000015,3.3011297600000375,0.47934426993884105,0.4805760619629675,0
23.67081995000001,25.596874220000018,-0.1428496039895689,-0.12726945569050827,1
4.051385149999987,8.417905700000006,0.05268253261763588,-0.24620438371263975,3
7.501876340000024,16.320367939999983,0.38871247173713336,-0.3422417231751098,3
6.192774680000014,11.634262519999993,0.11607976968980586,-0.19183455315040399,3
18.123373490000006,21.919084699999985,-0.14369063596387127,-0.16277414549366875,1
-3.9006383799999753,0.6590003000000024,0.9062112298395165,0.7433983787194797,0
5.676653660000056,10.673798900000008,0.44957533886111317,0.12769996588135454,3
0.002740460000040912,5.502334640000015,0.5006389637956615,-0.027827032650069708,0
17.419261370000015,20.62536412999998,-0.30994206872844193,-0.43910791236583674,1
17.099676499999987,18.053304080000032,-0.15793354115197059,-0.13378005731979153,1
17.690993960000014,18.750580160000027,-0.5750626112432469,-0.5842251959531252,1
-7.053761829999985,-2.605208800000014,0.9503526303984849,0.7493223799687161,2
12.088859179999986,16.37163824000004,-0.36472148541114063,-0.5320971480399073,3
-2.0002192599999944,-0.9167069199999673,0.9225521035319802,0.8667512962478504,0
-1.7096875599999635,-3.4665498399999706,0.8316213483018396,0.7619468836944512,0
-4.854265959999964,-3.8562041199999726,0.9417387003827463,0.8371639330973547,2
-2.610335829999997,-2.335185219999971,0.9226462122635044,0.9455972630330121,0
9.675737060000017,20.247672920000014,0.6678652500453377,-0.43857459171087637,3
-10.902452349999976,-8.179999420000001,-3.1305483028720675,0.9556174743755607,2
-2.6017907799999875,-1.4601720999999657,0.9470630056968861,0.8121418669709389,0
-8.460277059999953,-6.214637919999973,0.601002015889956,0.2358467839074921,2
-2.868396340000004,-3.2546325999999794,0.8805872333026667,0.8569026302128743,0
-8.479076169999985,-7.7698370199999545,0.9228934143450818,0.8800765915557209,2
0.7512868400000343,9.108345740000004,0.7575298124014775,0.007476462273987557,0
1.4331818300000236,1.0879618100000243,0.9205869828839087,0.8776991106473891,0
3.0242701399999987,4.114618520000022,-0.2527960583384413,-0.2977359922425059,0
-6.173621679999997,-5.954868400000009,0.3207912172945786,0.25404497165005385,2
5.885152880000021,10.547332159999996,0.6802465846158278,0.0925217016229039,3
5.03748392,12.37255484000002,-0.14760558696375128,-0.35266591573997774,3
-5.201194989999976,-1.7814659800000072,-0.14596512883814206,-0.10888922051435089,0
-4.049322249999989,3.205425200000036,0.8642881689524821,0.272417840375587,0
-7.045216779999976,-2.0002192599999944,0.9397903195853662,0.8932619948182161,2
23.122227740000028,22.089985700000057,-0.5984710662601345,-0.5333144792056806,1
3.6360957200000144,6.319241420000026,0.536831668625147,-0.010022076602305686,0
0.6419102000000407,-1.7609578599999622,0.9159616087144234,0.8832506596306069,0
2.737156460000051,6.45938024000003,0.6929589510569112,0.06015005722521292,0
0.22491176000005453,6.739657879999982,0.683876199486417,-0.06503368552421449,0
-0.05707488999996713,3.5267190800000208,0.7909542920658086,0.41139664485967986,0
14.645538139999985,20.093862020000017,0.21319188169440306,-0.38259667681850545,1
13.19800667000004,11.124977540000032,0.10011511871219687,-0.12541780885647416,3
6.408109940000031,8.913518600000032,-0.1153112466375914,-0.20090527548679904,3
-6.857225679999999,-2.0002192599999944,0.8178907685998756,0.6397576892078101,2
5.680071680000026,14.905307660000005,0.04937035250278642,-0.09264915240418695,3
-8.71833756999996,-4.943134479999969,0.8417109275602318,0.7135764113902336,2
6.4833063800000446,7.556564660000049,0.523929340084634,-0.4118340096871318,3
-7.59551799999997,-1.634491120000007,0.16917449497048795,-0.21023942592975917,2
-3.9194374899999502,0.8162292200000252,0.7700948425564988,0.20441726533277896,0
9.610794680000026,12.386226920000013,-0.5036386670987892,-0.23975918417495995,3
10.733614250000016,10.704561080000019,-0.4500237735927067,-0.39251653264879377,3
16.598936569999978,15.578657600000042,-0.150944095171567,-0.13941343540358128,1
21.53284844000001,20.69543354000001,-0.5525129138266192,-0.5323074586823923,1
13.519300550000025,21.10217792000003,0.2199509594966113,0.059167133156472984,1
0.207821660000036,0.24200186000001622,0.9625905614229023,0.8371931908155186,0
-6.525677739999992,-3.02562525999997,0.6074935580472178,0.4108921477046359,2
-10.582867480000004,-8.35090041999996,0.9563222583143896,0.8765167775535657,2
-2.188210359999971,2.1578020700000025,-0.028365537461584583,-0.6862813920429617,0
13.527845599999978,12.680176640000013,-0.18425638498392008,-0.15302458016154344,3
3.1268107399999963,5.369031860000007,0.7602017531701413,0.3613264226641562,0
22.329247100000032,25.83613562000005,-0.18790355537392725,-0.5238665060802672,1
0.676090400000021,3.7762345400000186,0.8898204488778055,0.7761950952756062,0
-6.289834359999986,-4.6218405999999845,0.9444745950079259,0.9152108336422409,2
10.557586220000019,10.711397120000015,-0.2614732762739032,-0.2540374443054367,3
-17.130084789999955,-14.41104987999995,0.8661560567627532,0.7853810602628002,2
-1.8241912299999967,1.4041286600000262,0.5828597287168004,0.12324761566419816,0
-12.449106400000005,-8.00226237999999,2.894736842105262,1.2282665278500797,2
26.19844574000001,26.365928720000056,-0.4943653217306704,-0.4903923337965091,1
-0.7834041399999592,-3.28539477999999,0.9354874514696053,0.8749051785985203,0
-2.1198499600000105,1.2161375599999928,0.9418058638391142,0.3122758501490732,0
0.9221878399999923,3.3182198599999992,-0.019208530916033535,0.2357195402738102,0
-0.3629876799999465,4.254757340000026,0.8859682379207212,-0.017388555169143352,0
-6.741012999999953,-3.1486739800000123,0.892432064133177,0.5955134371737931,2
30.238545380000005,30.49147886000003,-0.4413325359156094,-0.41124460812923047,1
-0.18866865999996207,4.666628750000029,0.515736792657368,-0.027089544723535353,0
7.481368220000036,16.381892300000004,0.5384752763724222,0.09606001409367822,3
15.937549699999977,18.193442900000036,-0.2647792991317796,-0.25922202771952324,1
-1.408901799999967,5.225475020000033,0.7512799303280631,0.3666666666666667,0
-2.3163861099999963,0.33428839999999127,0.6701831158344405,0.436445567950761,0
-6.8794428100000005,-2.6735691999999744,0.8793912909813564,0.8368208005825534,2
-4.780778529999964,-5.483181639999998,0.8795673824636009,0.861739354122177,2
-6.42997317999999,-0.0519478599999843,0.7331585447769281,0.800144307085478,0
1.534013420000008,9.648392900000033,0.25423565845509133,-0.4763795751695203,0
-4.797868629999982,0.8230652600000212,0.22686005171992324,-0.1004455500102336,0
13.133064289999993,11.070289220000006,-0.1494297742518601,-0.13244250060391843,3
13.032232700000009,12.119621359999996,0.07861499340382003,-0.16436521728298184,3
-9.28914691,-11.341667919999963,0.9222525152849979,0.8744581356452878,2
-10.40342142999998,-7.732238800000005,0.9281870770699335,0.8136162273827642,2
14.189232469999979,14.269555940000032,-0.2703512256344898,-0.32141835469765306,3
-1.865207469999973,4.217159120000019,0.35994537104004276,-0.10440662544717638,0
1.639972040000032,3.205425200000036,0.6715887924785677,0.22035635185613706,0
-11.649289719999956,-6.491497539999955,1.0047615022680532,0.9145727451646817,2
-11.774047450000012,-10.039402300000006,0.8511913895220216,0.8452920119454936,2
-14.522135530000014,-12.934465240000009,0.8774671299543899,0.8638973269287363,2
5.4271382000000585,7.556564660000049,-0.18444213984820246,-0.16521249195106247,3
2.2893958399999974,0.040338679999990745,0.5739191370084091,0.8699463172119665,0
16.51861310000004,18.53524490000001,-0.5733958656948261,-0.4757297828013122,1
-1.415737839999963,-1.2072386199999983,0.8878408167067023,0.9567670389753957,0
26.680386559999988,27.78782504000003,-0.18740342467913348,-0.2239968901780031,1
14.93436083000006,20.75695790000003,0.6353913490475168,-0.16208924247665185,1
-0.23139390999995157,-0.9525961299999608,0.9597101106439717,0.8791573873468018,0
4.1522167400000285,7.1429842400000325,0.35461432240246754,-0.01345765288153175,0
15.647018000000003,18.805268479999995,-0.5470514653323802,-0.4724078384263083,1
7.753100809999978,4.439330420000033,0.1785848982133617,-0.055644758994824524,0
-7.1101591599999665,-3.1623460600000044,-0.8993225881803325,-9.447133390953642,2
22.03017035000005,26.39327288000004,-0.3496997527375485,-0.7420546123151555,1
-13.489893489999986,-10.88707125999997,1.1588469244340789,0.8996945327598034,2
2.3577562400000147,-2.4360168099999555,0.36741349864001516,0.6767725563856359,0
23.518718060000026,24.697934959999998,-0.38790363152753377,-0.38683165130343306,1
-1.2226197100000036,1.1990474600000312,0.7354940921501638,0.7016090402822381,0
-0.48603639999998904,0.9187698200000227,0.46838967406107196,0.42568777086866405,0
3.8941562300000214,1.2605718199999956,0.6122679449161148,0.5403108068650033,0
-4.102301560000001,1.2879159800000366,0.828353683041423,0.6980778965776434,0
3.284039660000019,7.720629620000011,0.16087614730015842,0.0656814663527207,0
19.225684940000008,21.3038411,-0.0045881016190195915,-0.011647281890487582,1
14.387477630000035,11.96239244000003,-0.18072786517101316,-0.11979077345223808,3
10.57467631999998,12.150383540000007,-0.28307585559478377,-0.315403089637235,3
2.7525375499999996,4.271847439999988,0.4867736623760839,0.031965068159688366,0
21.411508730000037,26.403526940000006,-0.10567118140725373,-0.39598189797037847,1
6.334622510000031,13.32618242000001,0.5050430272309325,-0.2215720093630652,3
0.9016797200000042,3.350691050000023,0.3538200757316858,0.080229298975656,0
15.445354820000034,17.63288762000002,-0.6927773476385357,-0.5517425162111745,1
-6.289834359999986,0.7307787199999893,0.8618850267917081,0.8039624234368544,0
20.80822820000003,22.12074788000001,-0.06892584095209708,0.05149336360705826,1
17.13214769000001,20.23400084000002,0.04193302445604357,-0.11940992543894823,1
-1.9028056899999797,0.9939662600000361,0.7324779844870825,0.7146929564081246,0
-4.136481759999981,0.9153518000000531,0.7974554788684389,0.6902283734273239,0
-9.379724439999961,-6.491497539999955,0.9996641304207413,0.9117842512968528,2
-5.877962949999983,-2.4377258199999687,0.9169253343868164,0.8315582020820259,2
-14.318763339999975,-12.862686819999965,0.890750443326495,0.8152000648420825,2
7.101968000000056,11.726549060000025,-0.005668879886862116,-0.5315728326058969,3
-10.480326880000007,-9.444666819999952,1.2683022902481569,0.8757612381634067,2
12.673340600000017,17.415843350000046,-0.17525392898256678,-0.35728698280748156,3
18.087484280000012,19.054783939999993,-0.3871448689598568,-0.3708249184402671,1
9.562942399999997,13.941426019999994,0.17354599590671588,-0.2186337682843435,3
13.890155720000052,16.064016440000046,-0.24999247463953533,-0.22387692175923943,3
13.086921019999977,10.325160859999983,-0.11846831388698241,-0.14279107708315938,3
3.9744797000000176,10.325160859999983,-0.3585633795569734,-0.13934314923664876,3
-11.970583599999998,-9.967623879999962,1.5616837357887807,1.4955665024630524,2
4.299191600000029,14.170433360000061,0.4429834147432411,-0.0451795422397192,3
-6.236855049999974,-4.536390099999949,0.8040972330821489,0.6877389030122355,2
-3.2888127999999597,-2.3693654200000083,0.8977417032139818,0.8845344974809076,0
0.7598318899999867,8.103447860000017,0.9516505981306791,0.34451294697903834,0
-4.601332479999996,0.9256058600000188,0.7323025085012042,-0.2667910447761194,0
17.034734120000053,14.160179299999982,-0.5589343069066711,-0.5899893251097142,1
-5.712188979999951,-4.269784539999989,0.892764969190718,0.7368330701091809,2
13.273203110000054,11.418927260000032,-0.1285435153399399,-0.10275014119998267,3
9.11176376000003,12.27685028000002,-0.08952948420455431,-0.16857027499887842,3
-1.9335678699999903,0.45050108000003775,0.8374727149033857,0.6573918934176358,0
14.353297429999998,14.81302112000003,-0.6564036381514258,-5.046155578070474,3
-1.9592030199999613,2.5286572400000296,0.872268591151553,0.3142800293034993,0
14.809603100000004,13.35694460000002,-0.4418304918835141,-0.45779607176412696,3
3.87193910000002,10.666962860000012,0.06633548125906674,-0.11400621545904079,3
7.903493690000005,10.837863860000027,0.28301855457802766,-0.19573441982289114,3
-11.261344449999967,-10.015476159999992,0.8672733390879431,0.8619788200523526,2
13.28858420000006,16.368220220000012,-0.5336429630786043,-0.489435159041336,3
5.324597600000061,11.99999065999998,0.8242214212798854,0.5248588253579015,3
-0.6808635399999616,6.934485020000011,0.794728669620123,0.5250193899206504,0
8.975042959999996,9.091255639999986,-0.2720062534556063,-0.514359905503817,3
-11.355339999999956,-5.069601219999981,0.9103097549699491,0.20518134715025915,2
3.2464414400000123,1.0025113100000453,0.6427749533997991,0.1629398281199144,0
0.8965526900000214,4.015495940000051,0.9029147245485318,0.8667782031228135,0
-12.543101949999993,-11.649289719999956,0.8995817669421401,0.8445367136563131,2
4.447875469999985,6.510650540000029,-0.22495516691071218,-0.22575807773457246,0
-15.634701039999982,-11.662961799999948,1.0974865000563567,0.8745126570766543,2
-2.5488114699999755,-2.3454392799999937,0.9256819398249034,0.9027542945184237,0
2.7662096300000485,5.252819180000017,0.09616477657184633,-0.1345508334755646,0
3.4908298700000273,6.507232520000002,0.5374822669551863,0.29478311622188835,0
12.386226920000013,13.141609340000059,-0.5350223801551235,-0.5339471780736224,3
1.6980783800000268,4.483764680000036,0.8918252510196774,0.8612301185988783,0
25.61909135000002,26.225789899999995,-0.5351156746741667,-0.5148172942447521,1
6.097070120000012,10.379849180000008,0.1858897653178343,-0.11073019786089389,3
19.43760218,23.477701819999993,-0.4311640374390297,-0.48670921968700603,1
15.97856594000001,15.903369500000053,0.07008509043461363,-0.23007242814538065,1
8.58880670000002,13.374034700000038,0.07524811045871325,-0.2132598820914274,3
14.823275179999996,15.059118560000002,-0.17155153357005873,-0.16372299689626604,3
21.464488039999992,22.975252880000028,-0.6210051248589645,-0.5824407532441314,1
-2.545393450000006,0.966622099999995,0.9738116070687265,0.767614796568026,0
12.242670080000039,15.27103580000005,0.24245295224898475,0.01993423859842882,3
16.856997080000042,18.935153239999977,-0.24632787607959433,-0.3158992122678194,1
22.96841684000003,24.38347712000001,-0.11469795487384689,-0.09229364910657338,1
13.447522130000038,16.89459529999999,-2.75465403026933,-0.7038882881188583,3
17.549146130000054,21.724257560000012,-0.1621576306817938,-0.5456516662774795,1
-1.2209106999999904,9.186960200000044,0.9237781834257928,-0.018560677076358546,0
6.996009380000032,10.044883220000031,0.29064446961362894,0.19884234815597016,3
4.651247660000024,11.285624480000024,0.7921723958832341,0.21230367881816745,3
-14.441812059999961,-11.26647147999995,0.9989640619894181,0.9144257582644374,2
-0.48603639999998904,2.221035440000037,0.8836659123637113,0.7440943029238298,0
4.945197380000025,6.16201250000006,-0.2693121056341658,-0.2799029645377122,0
5.386121960000025,8.332455200000027,-0.11813013265950724,-0.2798693380271588,3
-8.933672829999978,-0.4689462999999705,0.8913563885635355,0.15750482475253716,2
-1.2226197100000036,7.631761100000006,0.7074927334946522,-0.35180297431603463,0
-7.0503438099999585,-6.539349819999984,1.0057147256546737,0.902199993241188,2
1.0486545800000044,-0.7355518599999868,0.9531465067850272,0.8692524888640071,0
2.576509520000002,5.601457220000043,0.6447734311507456,0.3616070338258639,0
17.603834450000022,16.71002222000004,-0.19894010767160172,-0.14970411391722094,1
7.218180680000046,7.62492506000001,-0.3211247113894425,0.2707408538765006,3
-2.1078868899999748,-3.0700595199999725,0.9283363212843434,0.9248451878276928,0
-0.9337970199999859,-1.6618352799999911,0.9502833129713106,0.9060029230111623,0
18.719817980000016,19.912706960000037,-0.44559758955473716,-0.48146064593902266,1
-2.519758299999978,3.1541549000000373,0.18422637324636446,0.09471357414363485,0
7.826588239999978,11.268534380000006,-0.1736716264548383,-0.17693066661185228,3
20.926149890000033,17.561109200000033,-0.3320356746600894,-0.3364814151888245,1
21.12610405999999,20.292107180000016,-0.5605426741355266,-0.5558603228188627,1
15.500043140000002,17.735428220000017,-0.02207873580918192,-0.4783112844568597,1
1.5169233200000463,2.8704592400000024,0.11175101138821156,-0.039432242022378765,0
8.764834730000018,12.786135260000037,0.4421828262931349,-0.0890289154939438,3
-0.21259479999997666,-0.9132888999999977,0.9406408922275261,0.886156441019138,0
-5.529324910000014,3.7625624600000265,0.722652634546266,-0.08768197000868296,0
10.034629160000009,11.480451620000053,0.15423287019198081,-0.32997973671904873,3
-1.6464541899999858,-2.4240537399999766,0.8329604690172769,0.7699894940654494,0
22.071186590000025,21.464488039999992,-0.4968836657720396,-0.49851210220057235,1
7.787281010000015,12.334956620000014,0.11202547940764193,-0.12110505801098677,3
-11.293815639999991,-9.714690399999995,0.9175137264428715,0.8512379977869525,2
5.167368679999981,9.969686780000018,0.11299674847823694,-0.21627852431538777,3
1.185375380000039,4.8392387600000575,0.9677537490727091,0.9021300323408051,0
15.247109659999978,19.133398400000033,-0.26617594784161747,-0.30292384406165024,1
-0.6090851199999747,5.608293259999982,0.8669943381624146,0.24139012690985606,0
25.94722127,25.497751640000047,-0.31917024397901794,-0.29201509014099203,1
14.737824680000017,20.801392159999978,-0.08738430143575548,-0.472241685980704,1
14.490018230000032,15.380412439999986,-0.3487347504128709,-0.3876015362511671,3
24.619320500000015,25.620800360000032,-0.1101445069045582,-0.16088800505747972,1
-2.941883770000004,0.14971532000004117,0.9287480518090585,0.897447377567792,0
-7.287896199999977,-7.465633239999988,0.879903600255153,0.8510035628139593,2
-6.409465060000002,-3.9348185799999555,0.8912007675170547,0.8493072112656842,2
-5.397731139999962,0.01299452000000656,0.8035971783779572,0.5075279261777562,0
8.585388680000051,7.536056540000004,-0.16597494278732414,-0.1390269007700073,3
-3.95874471999997,0.7752129799999921,0.914013751108286,0.8281251480944392,0
17.87556704000002,19.492290500000024,-0.3736354952402912,-0.391505651690334,1
1.8758154200000376,14.536161500000048,0.5432969852469531,-0.24805984638666023,3
16.308404870000004,12.557127920000028,-0.289144750352532,-0.0964254319303982,3
4.307736650000038,9.511672100000055,0.13629174674997696,-0.1993233082706767,3
-11.028919089999988,-7.8826316799999745,1.058839008473238,0.8170742442648641,2
1.4468539100000157,5.109262339999987,0.1056762621545898,-0.15432268211797684,0
-8.477367159999972,-7.694640579999998,0.9493422624852011,0.9143682630779467,2
-1.3593405099999814,-2.201882439999963,0.9086164918286531,0.8511097330651645,0
-0.9679772199999661,-2.2053004599999895,0.9624238004536102,0.9171164395032275,0
5.934714170000007,9.42280358000005,-0.37135758611385916,-0.3626581914954721,3
12.239252060000013,7.778735960000006,0.06596485371611148,-0.007254813124042995,3
-3.7297373799999605,3.08579450000002,0.9772894001592083,0.7708612380728814,0
1.508378270000037,2.993507959999988,0.13273452009861952,-0.21482575440298016,0
-3.0768955599999686,-2.7385115799999653,0.9020434103211167,0.8498754437032914,0
-16.171330179999984,-13.047259899999972,0.881569983308921,0.7366496244455938,2
-2.485578099999998,-0.6398472999999854,0.9388514845479634,0.9747408187178815,0
-4.321054839999988,-4.174079979999988,0.7085489446998228,0.48325936818886045,2
-3.6186517300000105,3.0481962800000133,0.7737645725267053,0.4465236889471918,0
7.744555760000026,12.6049802,-0.012274678111588028,-0.11552183307371486,3
3.290875700000015,13.110847160000048,0.8589776814869333,0.6267295180688176,3
13.454358169999978,14.939487859999986,0.11922456436857251,-0.04982587121298343,3
-1.6174010199999884,-2.242898679999996,0.9225564422617831,0.886943920402582,0
-0.5441427399999839,3.3387279800000442,0.7340872032548842,0.5163110366763036,0
-8.725173609999956,-6.92216805999999,0.9291447027944619,0.8754295864385836,2
11.254862300000013,13.712418680000042,0.398033179525504,0.033057722551813225,3
23.58536945000003,23.62809470000002,-0.375509210151597,-0.31153765763255076,1
-6.02322879999997,0.13946126000001868,0.8955832791343938,0.784436949506224,0
8.927190680000024,20.58263887999999,0.6657002625271088,-0.44593352605985676,3
17.062078280000037,18.641203520000033,-0.4197023376643578,-0.32164927735258164,1
-8.41242477999998,-5.26784637999998,0.8448343079922026,-1.323244082266204,2
-8.409006760000011,-2.427471760000003,-0.02240325865580609,-0.15585384041759834,2
-14.708417619999977,-12.124394499999994,0.9519973067112095,0.8654197379389148,2
3.75914444,5.799702379999985,-0.3013167923883618,-0.2593930774700672,0
-8.364572500000008,-4.97389665999998,0.887242498911288,0.8544918629684393,2
6.814854319999995,12.16405562,0.23804398797672235,-0.13204848467157557,3
3.408797390000018,9.648392900000033,-0.325927666574096,-0.7619435307910251,3
-3.77246262999995,2.7986808200000155,0.6961538065684792,0.4493052645152972,0
12.827151500000014,14.054220680000014,-0.18987827771788016,-0.176800697395663,3
0.4180298900000139,10.899388219999992,0.8685264946692497,0.2549390079920562,0
-11.772338439999999,-7.093069059999948,0.9702097443962704,0.9625685869310721,2
-9.188315320000015,-0.43134807999996383,0.8939149983291308,-0.8834670714956993,2
15.383830460000013,17.051824220000015,-0.5637635231122282,-0.5662322575961084,1
18.540371929999992,18.50106470000003,-0.23142329157238664,-0.3435528781635562,1
-8.607251919999953,-7.998844359999964,0.8900824657383082,0.8497064043163925,2
-8.000553369999977,-8.573071719999973,0.9144504139161767,0.8364101780392759,2
-1.7917200399999729,-2.3249311600000055,0.8964813035591958,0.9217360829764546,0
19.881944780000026,20.82873632000002,-0.3065317427750748,-0.27875591177640596,1
-9.646329999999978,-9.150717099999952,0.8110679113461879,0.7115463677617033,2
0.23858384000004662,0.3206163199999992,0.8045526907644105,0.3651432621558438,0
18.330163700000014,13.507337480000047,-0.30592559104825134,-0.2952945398993198,1
9.46552883000004,15.790574839999977,0.12888811538712555,-0.16942242355605874,3
2.518403180000007,9.75435152,0.21891260881984037,-0.14675929580800515,3
6.479888360000018,9.713335280000024,-0.22904522483165074,-0.2521416994674691,3
22.61294276000001,21.850724300000024,-0.40782045844066717,-0.3605178086936444,1
20.86291652,20.17247648,-0.45739166039087814,-0.4768922592645586,1
-9.88046436999997,-5.247338259999992,0.741733923457433,0.4161845087321691,2
6.298733299999981,9.665482999999995,-0.007178544362421731,-0.10598395645637408,3
-5.2746824199999764,2.405608519999987,0.8262256098521235,0.5214590288026401,0
4.268429420000018,7.317303260000017,0.0033820300827733397,-0.09694876072136928,0
-3.880130259999987,0.782049020000045,0.911472957152106,0.2794643324207922,0
7.002845420000028,22.438623740000025,0.722321016926826,-0.28525193680846317,3
-2.104468870000005,1.575029660000041,0.8338674938425548,-0.2434846820236657,0
0.5291155400000207,-0.25019301999998333,0.8979649630232404,0.868309100452122,0
5.575822070000015,7.857350419999989,0.23065452591665114,-0.16699060270974073,3
19.446147230000008,24.79022150000003,-0.13624293259384834,-0.42624447609656346,1
2.1509660300000064,5.088754220000055,0.6438374111558741,-0.17992910799648784,0
21.95668292000005,21.785781919999977,-0.5113356274685968,-0.43143747272097893,1
0.06084680000003573,9.31000892000003,-0.15917675009086923,-0.1797583162162883,0
-0.43647510999994665,-1.2140746599999943,0.9085915638926313,0.882298072951932,0
8.723818489999985,15.219765499999994,0.5769463791180139,-0.021360429014959128,3
2.9388196400000197,6.49356044000001,0.40932450003095755,-0.3761257823233094,0
-0.9696862299999793,5.273327300000005,0.9564032235068877,0.17753432424770163,0
-0.7885311699999988,-0.5475607600000103,0.9065713094512684,0.8790384105276254,0
10.478971760000036,13.069830920000015,-0.29392170777274124,-0.23749158182466434,3
-0.7082077000000027,0.9358599199999844,0.49919346686181687,0.36402037424596817,0
-4.461193659999992,0.7034345600000051,0.3875160756935514,0.24677664170266694,0
1.5288863900000251,10.43795552000006,0.5477704542641415,-0.24210656427925792,3
-5.363550939999982,1.0247284399999899,0.8777681403126305,0.7915106899522281,0
-3.2597596299999623,0.8504094200000054,0.7270815069066036,0.6511121442728852,0
-2.596663749999948,1.455398960000025,0.9124997028471208,0.7154355317937985,0
11.77269233000004,19.129980380000006,0.2557098941797918,-0.5531486644779172,3
11.624008460000027,16.169975060000013,-0.2264876931210716,-0.2548531257845845,3
5.369031860000007,14.197777520000045,0.6006861536604918,-0.0735448214467864,3
0.17876849000003858,5.047737980000022,0.4350147376911529,-0.03443566270949476,0
2.9354016199999933,8.428159760000028,0.6754746304238762,-0.3024359053688922,0
13.292002220000029,11.06345318000001,-0.12133895806973097,-0.08657842300028473,3
18.080648240000016,16.89459529999999,-0.25096338546024494,-0.21039302468614712,1
-1.217492679999964,-0.37665975999999546,0.9022742799052175,0.8591399379923635,0
-0.21430380999998988,12.533201780000013,0.8815831061451225,0.10970300371245362,3
-0.6295932399999629,4.148798720000059,0.7587355362432693,0.010537214072841231,0
7.4454790099999855,16.59722756000002,0.7680241680522704,0.4221405043657089,3
-5.165305779999983,-3.9689987799999926,0.8920351907177102,0.8240534045647238,2
1.8211271000000124,1.9783560200000352,-0.10086779327548051,-0.2904519159172919,0
-1.422573879999959,3.078958460000024,0.8399357872875973,-0.10309698451507748,0
2.8123529000000076,0.02324858000002905,0.23257017035336683,0.1853749397185243,0
-6.706832799999972,-7.85528751999999,0.9007055817419836,0.8283337280748321,2
8.79217889000006,16.672423999999978,0.6078502450482848,0.1826332777789499,3
10.561004239999988,15.394084519999979,-0.005268105787821259,-0.2854325512058016,3
18.996677599999998,19.946887160000017,-0.18346461329235703,-0.16234079412910868,1
-4.809831699999961,-3.490475979999985,0.8255932880543349,0.7110808714120386,2
-10.490580939999973,-5.9753765199999975,1.0187744029661123,0.9125894917108677,2
3.918082369999979,10.219202240000016,0.08555408706796415,-0.27257736995587584,3
-2.3710744299999647,-1.9626210399999877,0.9244435881953531,0.9016707923789777,0
6.7858011499999975,10.455045620000021,0.0005488459791123205,-0.15000108830507367,3
-4.239022359999979,2.0057001800000194,0.47453110986911373,0.08859478266660013,0
0.959786059999999,3.7420543400000383,0.7905996482668634,-0.43098435553094316,0
0.6453282200000103,7.6967034799999965,0.8240670761087835,0.4908968779300019,0
-7.128958269999998,-5.397731139999962,1.2256125751271376,2.6834876082412555,2
-6.448772289999965,-3.7160652999999684,0.7945449561403515,0.8067662674404253,2
4.512817850000033,6.090234080000016,-0.06839999248558182,-0.10693913992361488,0
17.769608420000054,19.165869590000057,-0.5687556299060609,-0.27887869880099037,1
23.16324398000006,16.55621131999999,-0.3310551826238618,-0.3519576592289649,1
11.181374870000013,9.976522820000014,-0.5076434476051546,-0.5354677457748155,3
23.13931783999999,21.712294489999977,-0.558900414323366,-0.49835130464285343,1
-8.20392555999996,-5.261010339999984,0.875524639925876,0.8579547398101047,2
14.317408220000061,12.116203340000027,-0.2130919246697846,-0.1887688557815524,3
0.036920660000021144,1.9065775999999914,0.15754919400685874,0.05447988598514961,0
11.47874261000004,11.73680311999999,-0.18504193124124957,-0.14814169823094905,3
21.290169020000008,24.12370759999999,-0.6224864130434784,-0.6770575976969514,1
-0.034857759999965765,1.3255142000000433,0.9249817972210423,0.8863305603730733,0
19.358987720000016,21.36536546000002,-0.35484168009543143,-0.31601071591923857,1
8.289729950000037,10.468717700000013,0.20389045922930524,-0.13184494417191478,3
-7.551083739999967,-4.697037039999998,0.2327478412297298,0.6220913107511046,2
-4.0664123499999505,1.5100872799999934,0.9088699148352699,0.6657126265140203,0
2.315030990000025,12.054678980000006,0.8115779830486183,-1.4790667425412571,3
10.57125830000001,12.440915239999981,-0.27422719800521816,-0.24389240188698197,3
-7.56133779999999,-5.548124019999989,0.9512510407081197,0.8273437740377219,2
-5.691680859999963,-0.670609479999996,0.2190432593270772,-0.07001434473754282,0
1.3904565800000341,6.295315280000011,0.9177749382595791,-0.05341270904717237,0
7.158365330000038,13.250985979999996,0.03554826625777604,-0.44003820190575405,3
1.3990016300000434,-4.628676639999981,0.8229809533943393,0.696078510757172,0
9.304881890000047,18.572843120000016,0.24877484254334234,-0.5400845406264678,3
21.618298940000045,24.427911380000012,-0.5873579988278278,-0.6311323924731184,1
-14.821212279999997,-13.334373579999976,0.8985440159323949,0.8701439676187848,2
11.162575759999982,12.519529700000021,-0.3507809392709353,-0.3995103324918495,3
-10.579449459999978,-10.401712419999967,0.8870020438947014,0.8511734172395132,2
9.800494790000016,4.340207840000062,-0.15546138913877175,0.042282328878231246,3
-1.0346286099999702,-1.528532499999983,0.9054934129898451,0.8545664378993771,0
13.04590478,13.931171960000029,-0.09333079913401658,-0.12090356020365031,3
17.77131743000001,17.30817572000001,-0.12258125487292967,-0.212489445107483,1
-1.8327362799999491,-2.2634067999999843,0.9124992866789675,0.8847305642910231,0
19.410258020000015,20.131460240000024,-0.48216236519604605,-0.4846531567042287,1
5.2869993799999975,11.907704120000005,0.5835541264737405,-0.13956958372869877,3
16.49639596999998,14.40285872000004,-0.35890441821356456,-0.35134996975454325,1
-11.512568919999978,-8.374826559999974,0.990412061348912,1.0150280506689007,2
4.608522409999978,12.731446940000012,0.5207955194269984,-0.03010155765274479,3
-8.403879729999971,-3.774171639999963,0.9128957942332021,0.7468380740571381,2
11.155739720000042,15.85893524000005,-0.11343711044948339,-0.3743992626566306,3
12.936528140000007,10.287562640000033,-0.36574228226228406,-0.41877695958480826,3
-4.057867299999998,-3.4870579600000156,0.9090776192484579,0.8822725201276015,2
14.40285872000004,18.39168805999998,-0.08472432659400368,-0.20980331754791748,1
-3.5998526199999787,2.836279040000022,0.6164054501063244,0.4042133847231955,0
-15.863708379999991,-13.187398719999976,0.8718498273544005,0.8262222222222222,2
20.48864333000006,21.20471852000003,-0.46003224542687526,-0.46085290687989344,1
-1.6891794399999753,7.0301895800000125,0.518132607049623,-0.0340762466676899,0
-7.89801276999998,-3.7126472799999988,0.9454497168880306,0.9135214391509188,2
1.2007564699999875,9.843220040000006,0.7745028210155654,-0.03468185023081299,0
9.83980201999998,18.771088280000015,0.6580096109962683,-0.3381829464847486,3
14.47121912,15.793992860000003,-0.15215161817464637,-0.1690637277570736,3
12.741701000000035,16.81598084000001,-0.37170040590501296,-0.37809013513098183,3
-1.0517187099999887,1.6502261000000544,0.10518723275601449,-0.18046024703967328,0
5.548477910000031,14.741242700000043,0.8202801281501979,0.23860245621212867,3
13.396251829999983,16.53228518000003,-0.12131143082487968,-0.2663361762171747,3
0.101863040000012,-1.6515812199999687,0.9473507994873133,0.8817362997388432,0
10.241419370000017,8.342709259999992,-0.1343702697732322,-0.034863050546160505,3
-0.42793005999999423,-3.9553267000000005,0.9417349998951408,0.849648797089054,0
16.576719440000034,16.5869735,-0.490620772374165,-0.45220318057556064,1
-13.754790039999989,-9.287437899999986,2.5035500642925053,1.0448122024773823,2
-5.452419459999987,-3.0290432799999962,0.8872728303705595,0.8488793223020769,2
11.765856289999988,7.040443640000035,-0.1571367404927796,-0.07978820093937465,3
14.676300319999996,16.542539239999996,-0.3246591365076113,-0.2977758516615333,1
0.46417316000002984,-0.18525063999999247,0.9554888306050467,0.8079659641167746,0
22.36684532000004,21.83021617999998,-0.584043477963271,-0.5384098876474674,1
0.1838955200000214,-0.16474252000000433,0.9299851275597757,0.9048325259240372,0
1.0178924000000507,13.076666960000011,0.5331527766714257,-0.01105825814044727,3
15.46073591000004,17.40046226000004,0.013335999700033971,-0.10931604400276362,1
-2.5744466200000033,7.040443640000035,0.7970658391237405,0.285273883131586,0
23.578533409999977,21.73792964000006,-0.30776870830911757,-0.3180648714036814,1
-5.346460839999963,-1.521696459999987,0.2188258127122755,0.05010708093959266,0
9.00751415000002,11.466779540000061,0.042127524497779956,-0.22660151541243348,3
-0.18866865999996207,-1.4311189299999683,0.915604424545694,0.8810539334862759,0
-9.343835229999968,-7.7971811799999955,0.8369097282939054,0.6632169704458862,2
7.276287020000041,9.63813884000001,-0.2725720921772466,-0.3578840416792773,3
-8.945635899999957,-4.471447720000015,0.9838677282258521,0.8624954673475165,2
10.253382439999996,12.615234260000022,-0.26184794398974454,-0.302093518145741,3
-0.0656199399999764,1.6433900600000015,0.9345366356545914,0.7224595449886657,0
0.06255581000004895,3.2737855999999965,0.8786113793348123,0.5611217860737487,0
18.613859359999992,18.805268479999995,-0.20519036792322468,-0.21725783712237162,1
3.554063240000005,6.069725960000028,0.21153070779032526,-0.08804710118482849,0
0.8230652600000212,2.781590720000054,0.8894717367172367,0.8660339242113899,0
7.086586910000051,7.645433180000055,-0.18880391951457323,-0.15466484401698974,3
-7.075978959999986,-4.748307339999997,0.8309831537307325,0.7325464573494537,2
9.822711920000017,8.038505480000026,-0.11655062970074137,0.08776653882077066,3
-3.4665498399999706,0.006158480000010513,0.7543931152320787,0.2938852788555935,0
3.0755404400000543,4.777714400000036,0.9213006206070724,0.45997404475103004,0
8.605896799999982,14.809603100000004,0.437907629932411,-0.09995373369112613,3
-6.088171179999961,-0.868854639999995,0.8792862080584706,0.8209886389819394,0
11.78978243000006,11.856433820000007,-0.5081885827430741,-0.4790958610736067,3
-7.954410099999961,-6.156531579999978,0.6806560089674132,0.44690352922578336,2
-10.138524879999977,-6.5290957599999615,0.9536921502376381,0.7747740263192877,2
-13.900055889999976,-10.288917760000004,0.8543824137555772,0.8863067520372526,2
-6.795701319999978,-4.488537819999976,0.9585111400801475,0.9180269682823524,2
9.879109250000056,11.644516580000015,-0.2924004637576025,-0.2092309790019089,3
10.759249400000044,18.815522540000018,-0.004036232561820473,-0.32031862104988257,3
10.666962860000012,22.00111718000005,0.5603622114120498,-0.24488211057661208,1
4.748661230000039,0.5769678200000499,-0.29649211008579157,0.4489823710012876,0
7.496749310000041,14.799349040000038,0.3694064283586019,-0.1155742342196717,3
-2.4804510699999582,-0.8859447400000136,0.9105269870309208,0.8010300326376619,0
7.305340190000038,13.565443820000041,0.6079434826080095,0.26908847543836173,3
14.558378629999993,8.609314820000009,-0.5298212097054578,-0.25788500734701614,3
-6.534222790000001,-0.9269609799999898,0.5797241134697088,0.3617708219328007,2
-2.564192559999981,-2.1506121399999643,0.9555797515192559,0.9288122402956122,0
-4.372325139999987,-4.985859730000016,0.8765051973606364,0.8097929821408635,2
14.050802660000045,23.911790360000055,0.3010938692444671,-0.053948775909742334,1
-8.311593189999996,-4.560316239999963,0.8900059733638449,0.794446656771531,2
12.878421800000012,17.509838899999977,0.14252479067571158,0.013573962671602718,3
21.90028559000001,22.701811280000015,-0.25418052507855005,-0.22891066988576994,1
17.920001300000024,19.102636220000022,-0.5413339927930475,-0.5454829737158282,1
4.1846879299999955,12.632324359999984,0.7759751187259337,0.3153816067723353,3
4.543580030000044,10.94724050000002,0.5988233070659095,-0.014913717366074742,3
-1.3764306099999999,-0.9919033599999807,0.915904880261663,0.8931595802444511,0
-0.6808635399999616,-1.5011883399999988,0.9259239979177512,0.8610860056866537,0
19.45127425999999,18.572843120000016,-0.6273516909998155,-0.6339330513941657,1
-8.743972719999988,-7.8826316799999745,0.8833617942714294,0.8541371091311505,2
-13.476221409999994,-11.20152909999996,0.8719228186898922,0.7985689421775287,2
18.295983500000034,22.209616400000016,-0.6052137214030211,-0.573491005239509,1
12.611816240000053,12.211907900000028,-0.23891975985113176,-0.21525734626421122,3
2.2586336599999868,8.59222471999999,0.25947501857055205,-0.07803848707022838,0
-9.712981389999982,-7.530575619999979,0.9991088612608375,0.9187803753237078,2
4.678591820000008,4.99988570000005,0.7020440216887774,0.05852985613873726,0
-0.8551825600000029,-2.1984644199999934,0.9694396989664954,0.9280757017004712,0
-0.6330112599999893,1.725422540000011,-0.05581989767670317,-0.15777948100295627,0
6.874669670000003,19.43418416000003,0.7063403141763039,-0.32326462247092635,3
13.32618242000001,11.96239244000003,-0.3489629647432047,-0.32687047368864997,3
1.9886100800000008,5.871480800000029,0.5072085549813528,0.07300998440422593,0
5.163950660000012,14.016622460000008,0.3451173947933835,-0.4381211808878746,3
19.695662690000006,20.596310959999983,-0.2220585194375517,-0.23246611097078398,1
-0.5612328400000024,2.808934880000038,0.8901262860207715,0.5482109956099447,0
6.767002040000023,17.94392744000004,0.5958760838249986,-0.17178152435708177,3
22.213034419999985,21.45081596,-0.409192520989647,-0.3731787892477975,1
1.4656530199999906,6.08339804000002,0.4420191605703472,-0.12496868783614504,0
7.589035850000016,14.249047819999987,0.3854128695437273,-0.2232015792131481,3
1.8006189800000243,6.57217490000005,0.7870102701739665,-0.29311621021465595,0
11.00192881999999,7.970145080000009,0.07480611784852369,0.0653129568106313,3
-2.4565249300000005,0.15313334000001078,0.44731866385334174,0.45045537583507816,0
-8.000553369999977,-5.53957896999998,0.9617503560962034,0.9023538430443546,2
-1.9626210399999877,-0.868854639999995,0.9107853871540735,0.8682784219689257,0
10.918187330000023,14.669464280000057,-0.5680216586375763,-3.0847554038680345,3
13.074957949999998,15.018102320000025,-0.21959246266276725,-0.16416337566396647,3
-5.623320459999945,-0.5988310599999522,0.9173778344744995,0.4905433873777928,0
3.0105980600000066,3.851430980000032,0.7538395250162493,0.46408534585440814,0
19.311135440000044,17.19196304000002,-0.10921535738578293,-0.170244396406231,1
10.284144620000006,17.475658700000054,0.6117110575387029,-0.17059370997318493,3
16.05547138999998,7.518966439999986,-0.30547671149328615,-0.28783454469240005,3
7.125894140000014,16.96637371999998,0.46054509617345196,-0.08872952784851935,3
-11.11607859999998,-10.634137779999946,0.8956077735876522,0.843631631369641,2
-13.735990929999957,-10.989611859999968,0.9748213872986067,0.9000148113297961,2
20.42882798000005,19.50425357000006,-0.5515838317419234,-0.5791755179951356,1
-5.983921570000007,-2.130104019999976,0.9293517422748193,0.713245285069841,2
11.78465540000002,10.718233160000011,-0.5013067282196066,-0.3762644104013371,3
20.871461570000008,21.276496940000015,-0.4797207007955164,-0.446524188884121,1
-11.881715079999992,-9.85482922,0.9923356807028098,1.0028328451396877,2
3.0311061800000516,0.8845896200000425,0.5742657213648629,0.536858776718313,0
-0.8380924599999844,-1.1867304999999533,0.918508517902276,0.851584261262513,0
11.456525479999982,16.52203112000001,-0.13543353708444356,-0.29695129664769143,3
5.844136639999988,8.069267660000037,-0.010225828279442791,-0.027992051585036103,3
19.98277637000001,21.033817520000014,-0.2367501964550773,-0.31057001707574594,1
3.0447782600000437,7.125894140000014,0.07895709775632573,0.054077113720391694,0
23.925462440000047,26.67355052000005,-0.39051391249992706,-0.28926821667849667,1
9.56977844000005,14.32424426,0.07951518603521349,-0.20102366618733084,3
-4.531263069999966,-3.3229929999999968,0.9397169521815263,0.9061165704380632,2
-1.4396639799999775,-0.15448845999998184,0.9478480314193904,0.8834916940006347,0
1.3972926200000302,11.087379320000025,0.5882545706492226,-0.06186885579274654,3
1.9134136400000443,6.021873679999999,0.898974252124748,0.8814665220854857,0
-4.775651499999981,-0.7731500799999935,-0.9226267880364111,-0.5835101545923006,0
12.391353950000052,15.937549699999977,-0.46319870934504687,-0.45509307676218375,3
-11.999636769999995,-7.8040172199999915,0.8743251349730053,0.8486780679980872,2
-9.805267930000014,-7.831361379999976,0.9534125380477192,0.893401318109083,2
-1.7524128100000098,2.4671328800000083,0.8577263292393886,0.7684728913171974,0
0.8452823900000226,-0.2433569799999873,0.789760391720025,0.6931063071535523,0
-1.0551367299999583,-1.1252061399999889,0.8962292128664444,0.8724096897791397,0
14.691681410000001,18.217369039999994,-0.19309891483560906,-0.69445749913839,1
20.269890050000015,19.047947900000054,-0.5025419890665764,-0.3974466332624065,1
17.092840460000048,19.082128099999977,-0.16672120228617748,-0.17208941507001058,1
-1.22432871999996,3.2361873800000467,0.6221016374230002,-0.0415531933585172,0
15.647018000000003,12.909183980000023,-0.17437274270487543,-0.21394134322566213,3
20.216910740000003,20.206656680000037,-0.5339388444222111,-0.45382958049934524,1
-4.3637800899999775,2.491059020000023,0.8763919341960178,0.5186193054940287,0
6.150049430000024,10.308070760000021,-0.008368368368368465,-0.2609071054903754,3
14.66604626000003,14.655792200000008,-0.49834632989131394,-0.4707707461216448,3
21.167120300000022,23.094883579999987,-0.5112916821470376,-0.5143362042889212,1
27.343482440000002,27.302466200000026,-0.4113933661626571,-0.3772445253168555,1
2.6995582399999876,7.071205820000046,0.8514584838189,0.33090832534094367,0
7.65568724000002,3.885611180000012,0.39445701782233644,0.468284852462249,0
-0.373241739999969,-5.15505171999996,0.899819802482527,0.8651060825623303,0
-4.7004550599999675,-1.71310557999999,0.9129555188353258,0.8077128620652798,0
-1.07393583999999,1.164867260000051,0.8631962305197776,0.7423803897454389,0
0.1975676000000135,4.596559339999999,0.25854552872350345,-0.07639008637582106,0
1.593828770000016,9.679155079999987,0.9266917688975262,-0.13227235093898243,0
-3.950199669999961,1.1956294400000047,0.9003866892999561,0.6589515968583909,0
-15.079272790000005,-12.968645439999989,0.8508699157542968,0.8703236247481635,2
-0.1083451899999659,11.678696779999996,0.7487640096148674,0.46894071410033,3
-0.3151353999999742,-6.057409000000007,0.9334945715290283,0.8223371211575667,0
0.3496694899999966,-1.408901799999967,0.954860272384307,0.8811349103383913,0
-1.0568457399999716,8.834904140000049,0.8810630520120917,0.5706889402286596,0
-1.1303331699999717,0.4607551400000034,0.9407140512008891,0.8117437831123301,0
-1.046591680000006,5.416884139999979,0.9478737225743676,0.1334074556863346,0
-12.896867019999945,-10.497416979999969,0.9582574497848866,0.8993731491363889,2
1.527177380000012,3.2601135200000044,0.8297909666275322,0.43787637265320595,0
18.101156360000004,20.849244440000007,-0.5130668375730387,-0.49170954376645176,1
-9.98813199999995,-4.064703339999994,0.9762455251651975,0.9559917390063303,2
-1.8874245999999744,1.0623266600000534,0.8826192128899266,0.8012878193750774,0
18.753998180000053,19.943469140000047,-0.48316653353210237,-0.4719844216915515,1
10.590057409999986,17.29108561999999,0.29735603375197855,-0.17285870248453367,3
1.5305954000000384,4.483764680000036,0.3995961962301372,0.13666886536402859,0
-1.3388323899999932,-0.4381841199999599,0.9230700633155972,0.4619795433412542,0
6.274807160000023,9.528762200000017,0.572579670440353,0.05144215449010005,3
2.644869920000019,4.941779360000055,0.05232839745363963,-0.18905551289579467,0
13.997823350000033,14.563505660000033,-0.18591750652787792,-0.19525718374922182,3
0.7512868400000343,7.491622280000001,0.8050565715961543,-0.04287321661640943,0
5.193003830000009,14.809603100000004,0.6546122486296446,-0.16266564240445536,3
22.689848210000036,22.15492807999999,-0.15436685419062302,-0.12170013873822258,1
-9.890718429999993,-7.028126680000014,0.9604168586208259,0.9307085115107492,2
16.732239349999986,23.89128224000001,0.17265494173687454,-0.48033423067510395,1
-2.882068419999996,2.7132303200000365,0.7082564469863492,0.3731655967061117,0
1.204174490000014,-0.6261752199999933,0.9494999790591507,0.7952329175263912,0
15.655563050000012,15.841845140000032,-0.19945989941839465,-0.19303625588202789,1
4.617067460000044,8.29485698000002,0.5529626229421887,-0.2807485566394584,3
-2.3420212599999672,2.814061910000021,0.8809791561074506,0.34812281958274616,0
-6.923877070000003,-4.027105119999987,0.7625228493290446,0.6687875949831518,2
-11.140004739999995,-9.646329999999978,0.8799680302259683,0.8425092615460607,2
16.957828670000026,21.898576580000054,0.010907815655496872,-0.4157972667086476,1
1.593828770000016,5.044319960000053,0.9184106486630932,0.8622016155835217,0
16.80743579,17.068914320000033,0.03335478200162336,-0.011956021905438858,1
2.063806520000014,8.253840739999987,0.3136994742715024,-0.2437465528988093,0
10.699434050000036,11.429181319999998,-0.18744792874505062,-0.18695461002502878,3
-4.659438819999991,-2.7385115799999653,-3.5895432692307843,0.16298574224210235,2
0.7102706000000012,-3.278558739999994,0.8863320373128127,0.772304087086515,0
14.129417120000028,16.22124536000001,-0.1965934362952672,-0.2186009130371802,3
-0.0075135999999815795,1.7288405600000374,0.8916313816790963,0.60919019187985,0
3.4634857099999863,4.223995160000015,0.8871627201369723,0.6886652169741935,0
-10.241065479999975,-7.680968499999949,0.9237186109854081,0.909048380338699,2
-12.898576029999958,-10.340188059999946,0.8509076676353535,0.830474943226939,2
2.48593199000004,-0.004095580000011978,0.8310390743653927,0.30950405669530484,0
15.780320780000011,16.744202420000022,-0.291400787490533,-0.19459284964893872,1
-2.6034997900000008,0.7102706000000012,0.9212006880712756,0.6449952026378736,0
-5.515652829999965,-3.7810076799999592,0.9481480534517741,0.8602288584984649,2
8.110283900000013,22.442041760000052,0.5162667664645193,-0.004875218579014892,3
-1.82590024000001,-3.2136163599999463,0.8168420941853713,0.7572809416857539,0
-0.7252977999999644,6.57217490000005,0.9069555362013623,0.4298181619837867,0
-0.8756906799999911,6.247463000000039,0.8542749827023822,0.5527255288538393,0
1.7698568000000137,2.887549340000021,0.8143351239973509,0.5279728249281287,0
4.776005390000023,16.15972099999999,0.684677396617051,-0.03694830056608654,3
2.1646381099999985,8.277766880000058,-0.6977579190935934,4.7192738815593716,0
10.931859410000015,15.520551260000047,0.5420718045945987,-0.1580538120177508,3
-4.958515569999975,-2.0002192599999944,0.980910089796537,0.9456812720007782,0
-9.490810089999968,-6.17020365999997,0.9495869299448005,0.654580117348733,2
1.3323502400000393,7.614671000000044,0.469413074017989,-0.2759179490020636,0
15.127478960000019,10.663544839999986,0.06943411974907723,-0.08346044037701905,3
24.46550960000002,25.69599679999999,-0.5650583159015999,-0.5289652013941177,1
0.3855587000000469,-1.4840982399999803,0.7719648396426251,0.8194641022945093,0
20.849244440000007,23.72038124000005,-0.5517112828527594,-0.4972380970584301,1
2.979835879999996,0.6453282200000103,0.9046562762723922,0.8005351170568561,0
1.2349366700000246,11.606918360000009,0.8305086671919512,-0.3244137534167746,3
22.127583920000006,22.247214620000022,-0.5087392766094097,-0.4625054836586972,1
5.536514839999995,8.858830280000006,0.09481218692616152,-0.308682929460469,3
-9.859956249999982,-6.607710220000001,0.9965729269527264,0.8901059662462323,2
13.637222240000028,16.853579060000015,-0.4823834292120789,-0.46463767106591913,3
-10.66319095,-9.195151359999954,0.9186775262629758,0.8393094479299157,2
9.976522820000014,16.651915880000047,0.17348450043995237,-0.1965801647832855,3
1.0418185400000084,1.6844063000000347,0.8539777925324407,0.5941928618482173,0
-0.1339803399999937,10.140587780000033,0.6722282998130822,-0.1304634307050297,0
-5.014912900000013,-2.5744466200000033,0.9228378141309591,0.8155769067256184,2
22.336083140000028,23.82292184000005,-0.5430989494701971,-0.5130846104109714,1
3.0823764799999935,1.944175820000055,0.8938952433990038,0.843239936504923,0
-0.2536110400000098,7.2489428600000565,0.43220719821043374,-0.1946930899911503,0
3.668566910000038,12.478513460000045,0.3734552841922235,-0.236972872348411,3
9.381787340000017,15.431682740000042,0.18098843066027664,-0.2960084751078556,3
6.008201600000007,14.901889640000036,0.6835929752028518,-0.2432797463842878,3
-6.424846150000008,-2.526594339999974,0.9339486201828485,0.9194539473529736,2
11.916249170000015,14.190941479999992,-0.40436163213151655,-0.42187390296988003,3
14.835238250000032,15.318888080000022,-0.39232964902764556,-0.367515200577226,3
-6.764939139999967,-1.0158294999999953,0.8156782521531003,-0.1513708759641764,2
-11.929567359999965,-8.501293299999986,0.9522527400166816,0.921299220888608,2
14.942905880000012,20.199820639999984,-0.14420669134759845,-0.18827517777410288,1
18.945407300000056,20.733031760000017,-0.1928027333580891,-0.18770329390069246,1
-12.120976479999968,-9.677092179999988,0.9673926298075753,0.8424817587867804,2
14.789094980000016,16.149466940000025,-0.48235021108344267,-0.47036576432307203,3
13.979024240000058,10.755831380000018,-0.1818570336047506,-0.15199082250983914,3
11.203592000000015,9.72871637000003,-0.510263263252432,-0.47058547899632175,3
-3.497312019999981,-1.1559683199999995,0.8593854087978148,0.806124712502773,0
-7.21953579999996,-4.929462399999977,0.9584242089456524,0.8849402326190812,2
11.012182880000012,9.412549520000027,-0.15584629259493987,-0.06472338154999883,3
6.0868160600000465,11.58982825999999,0.529618754095178,-0.3844115340586439,3
12.67846763,12.085441160000016,-0.4277829910500683,-0.34672617904416586,3
-13.48647546999996,-8.504711319999956,0.8069967324599908,0.686383893593416,2
0.05571976999999606,10.079063420000011,0.6729398881158509,-0.0955557279143721,0
-2.340312250000011,7.963309040000013,0.8297678936650879,-0.26349538148639884,0
13.804705220000017,12.430661180000016,-0.6110498222623385,-0.5218809340890314,3
25.718213930000047,24.092945419999978,-0.47727034395973167,-0.4238544423008,1
3.9027012800000307,11.740221140000017,0.808768569647144,0.37782550949727056,3
-2.676987220000001,-3.093985659999987,0.9013236330062265,0.887872928524392,0
-2.545393450000006,2.241543560000025,-0.27882935240279866,-0.23094164042329854,0
-1.7233596400000124,1.2605718199999956,-0.6255518047260453,-0.5713473066993391,0
13.73634482,16.884341240000026,0.04887364564658183,-0.2982422490444026,3
11.051490110000032,15.48637106000001,0.3014279810826944,-0.056745194098590156,3
17.56794524000003,22.71206533999998,0.018256745438382876,-0.15579274550626046,1
-7.648497309999982,-6.098425239999983,0.7317020083521479,0.6684132864608342,2
14.02345850000006,11.658188660000008,-0.14918495409785318,-0.187673694548342,3
-5.572050160000003,-5.589140259999965,0.8930678670817882,0.8359825923898611,2
-12.059452119999946,-10.880235219999975,0.8954382575744784,0.8535368439626769,2
-3.4050254799999493,0.6384921800000143,0.6640123298227593,0.46202992061232895,0
3.3079658000000336,6.514068560000055,0.28181275605685097,-0.08812414974555359,0
13.139900330000046,17.25690542000001,-0.2652004414347937,-0.4335761940652653,3
14.932651820000046,18.1592627,-0.6428168408608506,-0.37739044393279186,1
-1.2414188199999785,2.8978034000000434,0.9140758955665061,0.7838162812110707,0
0.6453282200000103,5.956931300000008,0.5785970349045099,0.12072729928073311,0
15.729050480000012,14.327662280000027,-0.5370021182040954,-0.5291326718707423,3
-1.00044840999999,1.4759070800000131,0.9462513437164072,0.7112216114816169,0
21.662733200000048,21.816544099999987,-0.5334584790741016,-0.44032071918848326,1
2.887549340000021,10.762667420000014,0.4412282112042351,-0.39833172831813296,3
25.186711820000028,30.06422636000002,-0.2012366800932226,-0.2052774951590142,1
11.700913910000054,10.619110579999983,-0.12947034857401543,-0.120232535295536,3
-0.11347221999994872,-0.47578233999996655,0.9144828603901125,0.9038026185679758,0
-11.76379338999999,-10.230811420000009,0.8403349123244411,0.8440742476259695,2
23.204260220000037,21.358529420000025,-0.3944188529060255,-0.34629845091685346,1
-2.823962080000001,9.508254080000029,0.6858429531904099,-0.39590144085240336,0
3.0447782600000437,15.096716780000008,0.8557988377243306,-0.2898405560098119,3
-1.408901799999967,2.590181600000051,-0.4050651732170293,-0.5920956458181058,0
-13.131001389999994,-8.620923999999945,0.5907971683594955,4.514720030786996,2
-1.9557849999999917,-0.8107483000000002,0.9244544394469433,0.8274610315447434,0
1.421218759999988,1.9612659200000166,0.7164633923547423,0.5036425187808029,0
3.593370470000025,-0.11689023999997517,-0.0025731796703211073,0.393317958607527,0
5.237438090000012,9.033149299999991,0.3936962108639173,-0.08373822216102489,3
-8.477367159999972,-4.932880419999947,0.9049012963788488,0.8568215107763131,2
-15.04680159999998,-13.303611399999966,0.8878808936451132,0.8482225808028949,2
11.14890367999999,11.131813580000028,-0.6002773100921066,-0.48971621973444407,3
12.174309680000022,13.172371520000013,0.10523493720897413,-0.23356308847423063,3
0.8914256600000385,7.170328400000017,0.7134236320228426,-0.0887734993274737,0
7.421552870000028,10.906224260000045,0.30324279431472845,-0.0721023181454836,3
27.948471980000022,28.013414360000013,-0.26642844404520505,-0.25858234548314024,1
-11.57409328,-7.639952259999973,0.9299808659065114,0.9025122729394692,2
-6.9717293499999755,-2.711167419999981,-0.14572496749024705,-0.7267192784667422,2
-1.9164777699999718,-0.055365879999953904,0.899777572887854,0.18787628226660796,0
-10.03598427999998,-6.614546259999997,0.9274993673030812,0.8475572033433518,2
-0.40913094999996247,4.01891396000002,0.8420462184006406,0.5377179766397661,0
-0.9713952399999926,-0.1373983599999633,0.8790248584859051,0.8545446120340121,0
2.9712908300000436,-1.726777659999982,0.21863063715268213,0.12422107171560476,0
21.54139349000002,26.109577220000006,-0.2346436388402211,-0.37425866194984925,1
-0.9696862299999793,2.887549340000021,0.9133109037047035,0.6030550783102994,0
-0.5612328400000024,4.02233197999999,0.4403372912021562,-0.0297705321755191,0
15.062536580000028,17.961017540000057,-0.024186063535803236,-0.28763736098857906,1
-3.613524699999971,-2.017309360000013,0.9423287168415777,0.8999733020469246,0
-0.5629418500000156,6.34658558000001,0.7639003089054108,0.0711576268282934,0
2.345793170000036,6.6610434200000554,0.8247371338147527,0.09883505780304039,0
18.552335000000028,20.538204619999988,-0.5555956213779781,-0.5244506492761386,1
6.524322620000021,11.52146786000003,0.5607121435046089,0.3013804652210012,3
-13.48647546999996,-12.10046835999998,0.8782263757968246,0.837740860862036,2
-6.611128239999971,-1.535368539999979,0.7638237771941128,0.4255732191990216,2
7.782153980000032,11.627426480000054,-0.13335602016291975,-0.1963093970717858,3
-1.014120489999982,-2.058325599999989,0.9046376987416678,0.6304629056752349,0
-9.379724439999961,-7.8757956399999784,0.7911292957264425,0.7638458546269098,2
-1.0705178199999636,-0.47236431999999695,0.6611143683740065,0.49994479495268146,0
1.1341050800000403,1.4280548000000408,0.6499782832768266,-0.04431666269892138,0
3.420760459999997,9.969686780000018,0.3411708689110817,-0.04413847364280097,3
1.6211729300000002,6.896886800000061,0.7518726360842009,-0.1899932781950493,0
2.7918447800000195,8.120537959999979,0.907224526810923,0.7806222740954603,0
12.505857620000029,11.497541720000015,-0.09959911305599198,-0.0889818688981868,3
-0.31855342000000064,7.423261880000041,0.849035511880622,0.0736521338011433,0
10.786593560000028,8.41448767999998,-0.45665687273890176,-0.42906667773810525,3
24.03825710000001,25.2858344,-0.4179686556711984,-0.4228948694935884,1
-9.420740679999994,-3.562254399999972,1.0399703645349767,0.7714882278319667,2
9.082710590000033,12.07860512000002,0.11023137301845164,0.028890409519780353,3
-3.4528777599999785,-1.5968929000000003,0.9820029097092088,0.9158424017763749,0
2.161220090000029,7.225016719999985,0.4689154590681916,-0.1106492107358658,0
20.943239990000052,19.40000396000005,-0.3646890331230764,-0.3429427805196854,1
18.029377940000018,17.472240680000027,-0.14514590659871157,-0.15850578784381378,1
-0.28437321999996357,7.491622280000001,0.910132644182469,-0.07063546760307615,0
7.074623840000015,22.02504332000001,0.7650101483983789,-0.3189418490724493,3
-5.1892319199999974,0.23003879000003735,0.7197760842976766,0.6202707016102197,0
-0.0006775599999855331,-1.3883936799999788,0.9036700768665636,0.8154812804401977,0
-2.1540301599999907,-1.6037289399999963,0.2580932865203979,-0.011243327823135228,0
-7.515194529999974,-5.042257059999997,0.9948610233089298,1.1885869357489582,2
-13.4403322,-8.285958039999969,1.2122582425747828,0.928367256419102,2
8.66571214999999,3.533555120000017,-0.1297615262321145,0.0883090582047655,0
-11.264762469999994,-9.410486619999972,0.9178913310432755,0.7246886814036847,2
14.73953369000003,13.086921019999977,-0.17842929485836795,-0.1226523698319245,3
15.113806880000027,16.197319220000054,-0.6099704979228129,-0.5050242772143497,1
8.004325279999989,11.381329040000026,-0.05418395022335656,-0.069503319203391,3
22.88467535000001,25.713086900000008,-0.3927212972284869,-0.3799331661417878,1
-1.482389229999967,-0.18866865999996207,0.9486239303821185,0.6430352555445986,0
-1.2089476300000115,-0.6364292800000158,0.822140604143818,0.5970994046443384,0
3.6907840400000396,1.0281464600000163,0.6571178369246388,0.6014681804278595,0
5.172495710000021,10.318324820000043,0.14327660524059516,-0.23469117437287307,3
-9.061848579999946,-5.541287979999993,0.536606647100817,0.31407351623667495,2
-1.733613699999978,-0.7218797799999948,0.9229073253561859,0.8348576233532996,0
23.57682440000002,23.28287468000002,-0.5742606492032347,-0.5688417462126817,1
12.854495659999998,15.281289860000015,-0.18365596850205804,-0.18556125820607894,3
-11.268180489999963,-9.389978499999984,1.3174479239285022,1.0033822830410526,2
22.679594150000014,22.41811561999998,-0.34981390012550295,-0.33753897870270044,1
1.7818198700000494,4.599977360000025,0.15651678998292506,0.18551959114139663,0
-5.684844819999967,-0.2707011399999715,0.8150943924710099,0.4143294396901743,0
19.398294950000036,20.326287380000053,-0.4268568501024642,-0.39972497330192946,1
20.77233898999998,19.97081330000003,-0.15495109831480192,-0.1685034004691206,1
12.767336150000006,16.03667228000006,-0.3425466325304351,-0.4217211690668313,3
14.915561720000028,19.102636220000022,-0.5364805003040043,-0.47605227290948454,1
-9.682219209999971,-5.356714899999986,0.8170653223211412,0.5611031322112671,2
-3.2734317099999544,3.3934163000000126,0.8748360003785098,0.6498602353247092,0
-10.249610529999984,-4.6150045599999885,1.0618595681929899,0.8812626763906269,2
7.214762660000019,0.7341967400000158,0.7573438219765425,0.627838264313982,0
7.1173490900000616,3.5455181900000525,0.16453902982324004,-0.14246659604278442,0
0.9837122000000136,11.14890367999999,0.8629761817073907,0.1318717313214469,3
6.954993140000056,7.590744860000029,0.12039613183149694,0.15055460297710274,3
10.673798900000008,8.657167100000038,-0.3121499949946708,-0.3128744742145341,3
-1.9233138099999678,-3.1418379399999594,0.8726165626794111,0.8442358535898962,0
10.113243620000048,15.691452260000005,-0.5941279660234513,-0.5650715027562514,3
-4.885028139999974,2.6619600200000377,0.7853859586615819,0.39027774095773365,0
12.041006900000014,12.926274079999985,-0.30206312486265136,-0.2561812185946599,3
3.251568470000052,15.83500909999998,0.4405534324911335,-0.28978130767940025,3
16.381892300000004,20.821900280000023,-0.5250462932444823,-0.8325599154135338,1
-1.9523669799999652,4.28551951999998,0.856307279369021,0.904033668237456,0
20.102407070000027,19.618757240000036,-0.535390868018335,-0.46400629217204137,1
-1.8874245999999744,-0.6637734399999999,0.9086822307850058,0.8211083438828166,0
-0.5971220499999959,6.770420059999992,0.7156770738862646,-0.834468601287674,0
-2.829089109999984,-0.5783229399999641,0.9077546218005087,0.48145787366184534,0
7.713793580000015,11.572738160000029,-0.3509780130401738,-0.3109150223712718,3
-12.25086123999995,-7.161429459999965,1.0291742386583111,1.0296795573000448,2
-3.963871749999953,-1.238000800000009,0.9221180318686302,0.8550764199038021,0
-1.2345827799999824,0.01299452000000656,0.8898956488114832,0.290779731605738,0
2.2039453400000184,-0.17157856000000038,0.7677306541912722,0.7492238616112193,0
15.523969280000017,16.66558796000004,-0.055914260282576095,-0.13103584694169104,1
18.70443689000001,19.170996619999983,-0.28968992982123876,-0.26002958396841386,1
10.790011580000055,7.454024060000052,0.016016111650374174,-0.059859119814641884,3
15.469280959999992,21.874650439999982,0.011570044594802532,-0.2606331804452399,1
-5.679717789999984,-4.143317799999977,0.9075174677629272,0.8724434983068795,2
21.030399500000044,18.98984156000006,-0.4519579745595312,-0.46432676330152317,1
12.15721958000006,15.445354820000034,-0.6019802863387004,-0.54253037884203,3
24.44500148000003,27.40842482000005,-0.5515885875308207,-0.5310672641989419,1
2.181728210000017,7.423261880000041,0.3421816673579429,-0.24729794685161016,0
11.152321700000016,11.750475199999983,-0.2955135667592013,-0.24205445883245627,3
5.640764450000006,12.728028920000042,0.0024038986865971986,-0.22000310373529836,3
8.496520160000046,14.970250039999996,0.4501738281428219,0.30060061875271327,3
-0.32368044999998347,-2.605208800000014,0.9306509904539781,0.8330154908913365,0
2.26034267,6.849034520000032,0.585590645464509,-0.27890322580645155,0
3.1028846000000385,7.556564660000049,0.579197188244915,-1.6406306632837984,0
-7.814271279999957,0.3069442400000071,0.4842542110830826,-0.4254830619237701,2
-1.22432871999996,-0.7868221599999856,0.8800714789697137,0.7356954740295623,0
1.0298554700000295,5.358777799999984,0.5987009174904872,0.05079373753381249,0
-9.697600299999976,-8.357736459999956,0.9076506692004764,0.8158545043194873,2
-7.188773620000006,-4.406505339999967,0.9174406634135784,0.8655377823470715,2
13.596206000000052,16.79547272000002,0.16178174032082562,0.12535924910706883,3
1.7117504600000188,10.431119480000007,0.8138321912548725,0.6125024867923694,3
-4.044195220000006,4.914435200000014,0.7560732724639457,-0.17382803886692058,0
-1.7233596400000124,-1.6891794399999753,0.36975396391470744,0.5477354866816796,0
-6.250527129999966,-5.9411963199999605,0.9517755485345719,0.8675901970663664,2
0.030084620000025097,-0.7047896799999762,0.9507935788245346,0.9011366840929304,0
24.636410599999977,24.756041299999993,-0.5711325905441095,-0.4974835118989498,1
0.3855587000000469,2.901221420000013,0.4424374422954008,-0.13306048203728896,0
-0.4535652099999652,4.4359124000000065,0.7295883697465149,-0.04602813745840347,0
2.1595110800000157,6.2508810200000084,0.3811320611900419,-0.09288139402354936,0
18.478847570000028,11.904286100000036,-0.36328246152529864,-0.39113344967492264,1
5.796284360000016,12.56738198000005,0.33370014716221463,-0.0587025011251848,3
20.31603332000003,21.13977613999998,-0.5284228513429307,-0.5092000774743367,1
11.22751814000003,12.31103048,-0.6435485586639721,-0.5411160058737152,3
14.296900100000016,15.240273620000039,-0.32289174515819247,-0.271209684580246,3
7.867604480000011,1.7476396700000123,0.3062931846931525,0.3978971788312472,0
23.45035766000001,25.23114608000003,-0.2363513962550759,-0.21269017949924957,1
0.08819096000001991,-1.2038205999999718,0.9275782114439958,0.8090498489136477,0
13.594496990000039,11.866687880000029,-0.07554595261980102,-0.030639116783145952,3
4.892218070000013,6.373929739999994,-0.17262176039862664,0.025109830673113,0
-1.0653907899999808,-1.5011883399999988,0.8928980749013323,0.8869136816696207,0
0.8401553600000398,6.42520004000005,0.850893260067426,-0.10363693243410375,0
-2.5676105799999505,1.957847900000047,0.9100498422813614,0.7675560355985611,0
1.0708717100000058,13.784197100000029,0.8953682790807206,-0.06959117350421265,3
25.46357144000001,24.650082680000025,-0.5429294398231632,-0.5179237145107453,1
-0.9765222699999754,1.7083324400000492,0.8392419995180052,0.05242786135436146,0
7.630052090000049,17.496166819999985,0.5436678139104764,-0.36162829589163276,3
0.9409869500000241,2.41244456000004,0.6418585214559395,0.2634764541148838,0
-1.0414646499999662,3.694202060000009,0.9135578978510724,0.8917148788635619,0
13.497083420000024,15.329142140000044,-0.5716193868464571,-0.46436035109153434,3
14.36013347000005,21.160284260000026,0.3430388440137184,-0.0976446916794887,1
6.737948870000025,5.850972680000041,0.03900201238884568,0.04992999412853973,3
-0.41767599999997174,-0.18525063999999247,0.901955698803151,0.8585538746723207,0
0.09502700000001596,-4.809831699999961,0.782203463257046,0.7285307232473761,0
11.747057180000013,13.828631360000031,-0.2907339097997757,-0.28485593461330294,3
23.816085799999996,23.07095744000003,-0.5237295895009918,-0.4997590513734071,1
7.052406710000014,17.229561260000025,0.5948131278692759,-0.14492490187762141,3
0.8657905100000107,8.571716600000059,0.61981956382752,0.2997402957852583,0
19.95714122000004,21.307259120000026,-0.31199521546294645,-0.26448138410652194,1
7.710375559999989,19.58115902000003,0.6076611889470436,-0.197206007265104,3
-5.437038369999982,-4.495373859999972,0.9413601294048461,0.8570193175101876,2
19.629011300000002,18.996677599999998,-0.3194157267053583,-0.29089811660477344,1
15.052282520000006,16.754456480000044,-0.445318663819623,-0.4341056616048854,1
0.6880534699999998,1.342604300000005,0.18555499351206328,0.20308518136962544,0
27.353736500000025,26.683804580000015,-0.49024326727071904,-0.4869211251665663,1
2.9781268700000396,12.86474972000002,0.9174942321195707,-0.2955636063177297,3
24.687680900000032,28.891845500000045,-0.4279224518523258,-0.3100056742954416,1
22.052387479999993,22.469385920000036,-0.4911481385055976,-0.48076980234804567,1
6.124414279999996,14.70022646000001,0.48766753114855177,-0.3703853955375255,3
9.521926160000021,22.12416589999998,0.8411740484875204,-0.4982788725367924,3
16.95953768000004,14.539579520000018,-0.1445251353640072,0.020648363489207813,1
-6.488079519999985,-2.143776099999968,0.9236667767294495,0.9243532414193347,2
-3.384517359999961,-2.4377258199999687,0.914801762251262,0.9021986322996312,0
18.784760360000007,20.921022859999994,-0.25907249459951026,-0.2574667204001868,1
13.47828431000005,11.62059044,-0.10946589516466808,-0.14977343849172395,3
1.8946145300000126,3.2327693600000202,0.9123909635599496,0.7615141380785114,0
1.6690252100000293,6.038963780000017,0.6902693271053953,-0.018174385528624284,0
-7.058888859999968,-3.2272884399999953,0.9031984894220633,0.8664865027691595,2
19.294045340000025,17.76277238,-0.4545981144135506,-0.38544536754653486,1
-8.559399639999981,-7.178519559999984,0.9499639512912496,0.8524215600285974,2
19.061619980000046,23.655438860000004,-0.1535976425742442,-0.10087194688578009,1
13.182625580000035,17.359446020000007,-0.6380541059324573,-0.6509834503075987,3
3.15928193000002,3.284039660000019,0.5867984178945758,0.3645116579405197,0
10.909642280000014,13.603042039999991,-0.19819708984353152,-0.30208274432193005,3
-9.472010979999993,-6.9119139999999675,0.9285788342172134,0.8708901235061355,2
17.019353030000048,17.68415792000002,-0.4433699966775667,-0.40721177653396556,1
17.28766760000002,1.3118421200000512,-0.23588114792610276,0.2664647166906689,3
4.403441209999983,12.362300780000055,0.8085561247437193,0.4545761155716279,3
-1.9797111399999494,-3.6442868799999815,0.7292159931842724,0.7826648709337727,0
-0.4245120399999678,-1.9660390599999573,0.912799690042619,0.8675522828890507,0
5.7894483200000195,7.826588239999978,-0.3331257412032835,-0.2871708155853792,3
10.576385329999994,11.832507680000049,-0.2269036330775074,-0.3212719463491825,3
-6.069372069999986,-0.19550470000001496,0.8189304171544413,0.6174276191623498,0
1.7032054100000096,4.104364460000056,0.4332296055430266,0.2775143646327232,0
-10.982775819999972,-9.465174939999997,0.9054305403097939,0.8467540488398473,2
-0.08100102999998171,7.382245640000008,0.9228692764449857,-0.019567279818689755,0
21.26966090000002,19.441020200000025,-0.5711224657985824,-0.5799912662525181,1
-9.46175691999997,-6.590620119999983,0.8784355972266615,0.827776462810457,2
-0.564650859999972,11.330058740000027,0.7115624999999999,0.007314541503130012,0
13.076666960000011,17.444896520000043,-0.16597014555743358,-0.21877063754127513,3
13.334727470000018,12.38964494000004,-0.162968884643736,-0.1504709497764513,3
-0.12372627999997121,0.026666599999998652,0.9193263855338532,0.8227584645395013,0
0.735905750000029,4.668337759999986,0.5965099508994817,0.10065654703853892,0
11.924794220000024,16.51861310000004,-0.3655109936774558,-0.3422655973827033,3
16.621153700000036,17.188545019999992,-0.5593707429040627,-0.5640836077693395,1
-9.783050799999955,-5.483181639999998,0.9482638551826889,0.9068304195759004,2
21.48157814000001,24.072437300000047,-0.5736051310742986,-0.5631439089633011,1
-1.0243745499999477,-0.7116257199999723,0.9109709870650432,0.8520181710118834,0
-0.8551825600000029,-0.15107044000001224,0.9592860851800894,0.881222477240531,0
-6.6418904199999815,-6.347940699999981,0.9555750773918019,0.9146825770265946,2
15.236855600000013,16.00591010000005,-0.4732803731722988,-0.4238146713272368,1
5.4459373100000334,21.484996160000037,0.6958337074616145,0.2925744323489693,3
8.006034290000002,15.558149479999997,0.48134977899250353,-0.08032602213239685,3
4.5213628999999855,9.480909920000045,0.040434569514785246,-0.4131694022004807,3
16.282769720000033,16.792054699999994,-0.3711410058217939,-0.28455960271780906,1
1.8997415600000522,5.984275460000049,-0.2016666666666665,0.11219961966230682,0
12.399899000000005,14.095236920000048,-0.4067251333127671,-0.3674838591089768,3
-3.6647949999999696,-3.9143104599999674,0.8968630496836336,0.8646734085690556,2
-4.1792070099999705,7.778735960000006,0.8782295929896804,-0.00842155283930417,0
-1.0636817799999676,-2.063452629999972,0.9328704009293854,0.23918901864128697,0
-3.3127389399999743,-0.5851589799999601,0.27478539031532756,0.030022347962531594,0
1.713459470000032,-0.3288074799999663,0.9197673523938709,0.7371226956289197,0
-0.40913094999996247,6.223536860000024,0.36411964452712825,-1.5504648969141623,0
-11.249381379999988,-9.827485059999958,0.9139571250171259,0.8547291254020758,2
-2.1266859999999497,4.271847439999988,0.13366259015365325,-0.05295659259585519,0
0.6607093100000156,9.327099019999991,0.8785704660807594,0.4011784257440701,0
5.661272570000051,5.198130859999992,-0.15024432084004782,-0.1702571386700035,0
-3.8476590699999633,-2.4240537399999766,0.8991718499878907,0.8431191431251301,0
-10.36069617999999,-9.000324219999982,0.6226036517520017,-25.24761904761919,2
13.117683199999988,10.76950346000001,-0.14040002848059133,-0.16399210286524252,3
-14.481119289999981,-12.797744439999974,0.8658745757970598,0.8358471962080202,2
9.561233389999984,4.374388039999985,-0.3052213591556654,0.25193086349285626,3
-3.193108240000015,-1.7780479599999808,0.9152184698536523,0.7949529721085301,0
11.118141499999979,15.97514792000004,-0.45578930222651,-0.3936789085346183,3
-1.3251603100000011,-1.726777659999982,0.9228634054408391,0.8796280153030847,0
-10.406839450000007,-2.9299206999999683,0.9169390900483105,0.7504023069891987,2
19.96397725999998,20.958621080000057,-0.5563934995084147,-0.47512289197035934,1
20.20323866000001,25.258490240000015,-0.28686486356994,-1.011093502377179,1
19.608503180000014,18.85995680000002,-0.5523989235004795,-0.5161991131123654,1
3.3062567900000204,8.6229869,0.4069441959519124,0.024699372837241506,3
19.348733659999994,14.604521900000009,-0.47749373433583964,-0.4750444175577427,1
-0.3852048100000047,2.6927222000000484,0.9163735140022348,0.45363193928330475,0
-14.12564520999996,-11.78942853999996,0.87761445468674,0.8367589610408559,2
-11.50060585,-7.82452533999998,1.0370034973769673,0.8460491937603389,2
12.369136819999994,16.980045800000028,-0.3476195137377738,-0.32343627322690394,3
-4.062994329999981,-3.1691821000000004,0.9062819092048529,0.6907459058541222,2
-5.173850829999992,-3.9143104599999674,0.9092576720042936,0.8515151016015767,2
-1.3337053599999535,7.307049200000051,0.8607413612565443,-0.008731070496083702,0
-3.2272884399999953,-1.8908426200000008,0.933544637554052,0.9196561384080447,0
-1.0585547499999848,-0.9167069199999673,0.9061018613578538,0.8849748524810899,0
17.971271600000023,19.618757240000036,-0.5239245835621453,-0.5041574217261707,1
20.637327200000016,23.440103600000043,-0.6072525719962873,-0.5787108331500047,1
1.0674536900000362,2.901221420000013,0.901646550156743,0.23121691483763113,0
-10.51108905999996,-8.391916659999993,0.954601354746517,0.8592833984721975,2
7.163492360000021,1.5305954000000384,-0.14141924849561768,0.41278284455609565,0
-12.539683929999967,-8.138983179999968,0.9486693235044593,0.8516466902137897,2
10.680634940000004,11.572738160000029,0.10376883572206015,-0.2737713664335722,3
3.7044561200000317,8.428159760000028,-0.3183113072161416,-0.3364961189332643,3
-6.168494649999957,-4.348398999999972,0.7456312231864491,0.6331426030587053,2
15.720505430000003,17.055242239999984,0.32266681190167923,0.3341161734773759,1
-1.1046980200000007,3.3318919399999913,0.6754687563202584,-0.13569496668645697,0
-1.9472399499999824,-1.8019740999999954,0.8891249812603069,0.8855597103346895,0
-11.488642779999964,-8.255195859999958,0.9438335602331834,0.7313404371975494,2
-8.771316879999972,-6.792283300000008,0.946374140857915,0.855868479627259,2
1.0930888400000072,-1.680634389999966,0.9101257007158432,0.8044151832576961,0
16.503232010000033,22.13441996000006,-0.1679116249496434,-0.14600641446732876,1
6.2508810200000084,0.9461139800000069,0.9051438357451356,0.8368678779003248,0
17.38337216000002,18.032795960000044,-0.4902162644182321,-0.4741266545311514,1
24.945741409999982,24.311698700000022,-0.38181601845588425,-0.36838413438242695,1
-1.3319963499999972,3.212261240000032,0.9215920398009948,0.15898100872572063,0
11.40525518000004,8.650331059999985,-0.1542665471474424,-0.1350521018421927,3
10.92160535000005,15.725632460000043,0.4066433892474902,-0.19567922642240768,3
18.143881609999994,21.08850584000004,-0.03985561128611401,-0.0063272700108317915,1
19.84776457999999,7.269450979999988,-0.6187112239142696,-0.48999769354962713,3
18.518154800000048,21.279914960000042,-0.20463998001623684,-0.22272858379002022,1
8.322201140000061,17.68073990000005,0.255064601221034,-0.0971001506167662,3
-6.973438359999989,-3.1555100199999515,0.9054839001798214,0.8177943726079377,2
23.228186359999995,23.419595479999998,-0.37747528618927545,-0.3794735936035501,1
5.589494150000007,10.70114306000005,0.7020535967089155,0.028401655289498756,3
15.253945700000031,15.103552820000004,-0.03304353782100517,-0.29878467225997823,3
